genero;nome;endereco;cidade;estado;email
F;Matilde Barbosa;Avenida Francisco Sá 1306;Fortaleza;CE;MatildeGomesBarbosa@dayrep.com
M;Kaua Alves;Travessa Saudade 1890;Embu;SP;KauaGomesAlves@fleckens.hu
F;Giovana Goncalves;Rua Osvaldo Santini 1109;São José do Rio Preto;SP;GiovanaSouzaGoncalves@fleckens.hu
F;Lara Rodrigues;Rua Aluízio Pereira Esteves 362;Governador Valadares;MG;LaraRochaRodrigues@cuvox.de
F;Gabrielle Santos;Rua Doutor Carlos Ribeiro Filho 675;Itajubá;MG;GabrielleAlmeidaSantos@jourrapide.com
M;Cauã Souza;Avenida Brasil 1387;Cascavel;PR;CauaCorreiaSouza@rhyta.com
M;Lucas Ribeiro;Rua Rotary Club 351;Araçatuba;SP;LucasPintoRibeiro@teleworm.us
M;Nicolas Ferreira;Rua do Bicudo 1875;Jaboatão dos Guararapes;PE;NicolasPereiraFerreira@teleworm.us
F;Ana Barros;Avenida Marechal Oswaldo Cordeiro de Faria 858;Araraquara;SP;AnaMartinsBarros@rhyta.com
M;Marcos Dias;Rua Expedicionário Daniel Rodrigues dos Santos 847;São Gonçalo;RJ;MarcosMartinsDias@teleworm.us
F;Aline Silva;Rua Jorge Rúbens Neiva de Camargo 1668;São Paulo;SP;AlineGomesSilva@rhyta.com
M;Kauan Ferreira;Rua Santo Antônio 785;Ponte Nova;MG;KauanAlvesFerreira@armyspy.com
F;Beatriz Ferreira;Rua Janete 1725;São João de Meriti;RJ;BeatrizRochaFerreira@teleworm.us
F;Brenda Barbosa;Rua Estevão Pinheiro 953;São Paulo;SP;BrendaAzevedoBarbosa@einrot.com
M;Vinícius Lima;Rua Iguaí 944;Salvador;BA;ViniciusAlvesLima@teleworm.us
F;Carla Melo;Rua Butiá 749;Belford Roxo;RJ;CarlaGomesMelo@einrot.com
M;Vinicius Almeida;Rua Monsenhor Salim 566;São Paulo;SP;ViniciusBarrosAlmeida@cuvox.de
F;Isabela Cardoso;Rua Beija-Flor 1340;Manaus;AM;IsabelaSilvaCardoso@fleckens.hu
F;Vitória Souza;Rua Santa Rita 467;Mogi das Cruzes;SP;VitoriaSantosSouza@superrito.com
M;Thiago Martins;Rua Adriana 1014;Belo Horizonte;MG;ThiagoCardosoMartins@dayrep.com
F;Camila Silva;Rua Doutor Valério Sobania 209;Araucária;PR;CamilaCardosoSilva@fleckens.hu
F;Isabelle Rocha;Rua Itapaiuna 1451;São Paulo;SP;IsabelleCostaRocha@jourrapide.com
M;Arthur Castro;Rua Cartas Celestes 1356;São Paulo;SP;ArthurCarvalhoCastro@teleworm.us
M;Antônio Goncalves;Rua Alvação 1409;Recife;PE;AntonioCarvalhoGoncalves@teleworm.us
M;Murilo Lima;Rua Renato Souza Santos 547;Passo Fundo;RS;MuriloDiasLima@jourrapide.com
M;Luan Melo;Rua Ayrton Senna 1599;Almirante Tamandaré;PR;LuanGomesMelo@superrito.com
M;Samuel Carvalho;Rua Guayana 555;Goiânia;GO;SamuelPereiraCarvalho@teleworm.us
F;Júlia Rocha;Rua Areia do Rosário 355;São Paulo;SP;JuliaSousaRocha@einrot.com
F;Bianca Azevedo;Viela São Gonçalo do Abaeté 487;Guarulhos;SP;BiancaBarrosAzevedo@armyspy.com
M;Julian Gomes;Rua Margarida Fátima Braz Gonçalves 515;São Paulo;SP;JulianCavalcantiGomes@fleckens.hu
F;Fernanda Cardoso;Rua Íbis 1769;Feira de Santana;BA;FernandaCastroCardoso@gustr.com
